,제품번호,브랜드,제품명,가격,리뷰,썸네일,상세사진
0,787664,[클리어런스],"

				DOX-607 SIMPLE POCKET 1/2 T - BLACK
","
24,000원				6,900원
			",94.9% 만족,001001-787664-thumb.jpg,001001-787664-detail-0.jpg
1,787665,[클리어런스],"

				DOX-607 SIMPLE POCKET 1/2 T - WHITE
","
24,000원				6,900원
			",94.9% 만족,001001-787665-thumb.jpg,001001-787665-detail-0.jpg
2,1517408,에잇세컨즈,"

				화이트 프린팅 오버사이즈 티셔츠 (210742AY41)
","
								29,900원
			",등록된 후기가 없습니다.,001001-1517408-thumb.jpg,001001-1517408-detail-0.jpg#001001-1517408-detail-1.jpg#001001-1517408-detail-2.jpg#001001-1517408-detail-3.jpg#001001-1517408-detail-4.jpg#001001-1517408-detail-5.jpg#001001-1517408-detail-6.jpg#001001-1517408-detail-7.jpg
3,1517392,에잇세컨즈,"

				블랙 코튼 베이직 브이넥 티셔츠 (420742LY55)
","
								9,900원
			",등록된 후기가 없습니다.,001001-1517392-thumb.jpg,001001-1517392-detail-0.jpg#001001-1517392-detail-1.jpg#001001-1517392-detail-2.jpg#001001-1517392-detail-3.jpg#001001-1517392-detail-4.jpg#001001-1517392-detail-5.jpg#001001-1517392-detail-6.jpg#001001-1517392-detail-7.jpg
4,1508488,브라이언베리,"

				VINTAGE RUNNER S/S TEE_NAVY
","
								63,000원
			",등록된 후기가 없습니다.,001001-1508488-thumb.jpg,001001-1508488-detail-0.jpg#001001-1508488-detail-1.jpg#001001-1508488-detail-2.jpg#001001-1508488-detail-3.jpg#001001-1508488-detail-4.jpg#001001-1508488-detail-5.jpg
5,1514913,브라이언베리,"

				STEP DYED POCKET S/S TEE_GUAVA
","
								63,000원
			",등록된 후기가 없습니다.,001001-1514913-thumb.jpg,001001-1514913-detail-0.jpg#001001-1514913-detail-1.jpg#001001-1514913-detail-2.jpg#001001-1514913-detail-3.jpg#001001-1514913-detail-4.jpg#001001-1514913-detail-5.jpg
6,1513724,헤지스 피즈,"

				화이트 로고 티셔츠 HZTS0B981WT
","
								59,000원
			",등록된 후기가 없습니다.,001001-1513724-thumb.jpg,001001-1513724-detail-0.jpg#001001-1513724-detail-1.jpg
7,1513725,헤지스 피즈,"

				블랙 로고 티셔츠 HZTS0B981BK
","
								59,000원
			",등록된 후기가 없습니다.,001001-1513725-thumb.jpg,001001-1513725-detail-0.jpg#001001-1513725-detail-1.jpg
8,1513727,헤지스 피즈,"

				블루 로고 티셔츠 HZTS0B981B2
","
								59,000원
			",등록된 후기가 없습니다.,001001-1513727-thumb.jpg,001001-1513727-detail-0.jpg#001001-1513727-detail-1.jpg
9,1513729,헤지스 피즈,"

				엘로우 포켓 티셔츠 HZTS0B982Y2
","
								59,000원
			",등록된 후기가 없습니다.,001001-1513729-thumb.jpg,001001-1513729-detail-0.jpg#001001-1513729-detail-1.jpg
10,1513731,헤지스 피즈,"

				엘로우 포켓 티셔츠 HZTS0B984Y2
","
								49,000원
			",등록된 후기가 없습니다.,001001-1513731-thumb.jpg,001001-1513731-detail-0.jpg#001001-1513731-detail-1.jpg
11,1517452,에잇세컨즈,"

				화이트 코튼 원 포인트 티셔츠 (260742DY11)
","
								19,900원
			",등록된 후기가 없습니다.,001001-1517452-thumb.jpg,001001-1517452-detail-0.jpg#001001-1517452-detail-1.jpg#001001-1517452-detail-2.jpg#001001-1517452-detail-3.jpg#001001-1517452-detail-4.jpg#001001-1517452-detail-5.jpg#001001-1517452-detail-6.jpg#001001-1517452-detail-7.jpg
12,1517451,에잇세컨즈,"

				블랙 코튼 원 포인트 티셔츠 (260742DY15)
","
								19,900원
			",등록된 후기가 없습니다.,001001-1517451-thumb.jpg,001001-1517451-detail-0.jpg#001001-1517451-detail-1.jpg#001001-1517451-detail-2.jpg#001001-1517451-detail-3.jpg#001001-1517451-detail-4.jpg#001001-1517451-detail-5.jpg#001001-1517451-detail-6.jpg#001001-1517451-detail-7.jpg
13,1517450,에잇세컨즈,"

				화이트 백 프린팅 반소매 티셔츠 (420742DY11)
","
								25,900원
			",등록된 후기가 없습니다.,001001-1517450-thumb.jpg,001001-1517450-detail-0.jpg#001001-1517450-detail-1.jpg#001001-1517450-detail-2.jpg#001001-1517450-detail-3.jpg#001001-1517450-detail-4.jpg#001001-1517450-detail-5.jpg#001001-1517450-detail-6.jpg#001001-1517450-detail-7.jpg
14,1517440,에잇세컨즈,"

				화이트 엑스 프린팅 티셔츠 (260742DY31)
","
								29,900원
			",등록된 후기가 없습니다.,001001-1517440-thumb.jpg,001001-1517440-detail-0.jpg#001001-1517440-detail-1.jpg#001001-1517440-detail-2.jpg#001001-1517440-detail-3.jpg#001001-1517440-detail-4.jpg#001001-1517440-detail-5.jpg#001001-1517440-detail-6.jpg#001001-1517440-detail-7.jpg
15,1517439,에잇세컨즈,"

				바이올렛 프린팅 반소매 티셔츠 (260742DY4S)
","
								29,900원
			",등록된 후기가 없습니다.,001001-1517439-thumb.jpg,001001-1517439-detail-0.jpg#001001-1517439-detail-1.jpg#001001-1517439-detail-2.jpg#001001-1517439-detail-3.jpg#001001-1517439-detail-4.jpg#001001-1517439-detail-5.jpg#001001-1517439-detail-6.jpg#001001-1517439-detail-7.jpg
16,1517437,에잇세컨즈,"

				스카이 블루 레터링 티셔츠 (260742DYAQ)
","
								29,900원
			",등록된 후기가 없습니다.,001001-1517437-thumb.jpg,001001-1517437-detail-0.jpg#001001-1517437-detail-1.jpg#001001-1517437-detail-2.jpg#001001-1517437-detail-3.jpg#001001-1517437-detail-4.jpg#001001-1517437-detail-5.jpg#001001-1517437-detail-6.jpg#001001-1517437-detail-7.jpg
17,1517436,에잇세컨즈,"

				바이올렛 블루 레터링 티셔츠 (260742DYAS)
","
								29,900원
			",등록된 후기가 없습니다.,001001-1517436-thumb.jpg,001001-1517436-detail-0.jpg#001001-1517436-detail-1.jpg#001001-1517436-detail-2.jpg#001001-1517436-detail-3.jpg#001001-1517436-detail-4.jpg#001001-1517436-detail-5.jpg#001001-1517436-detail-6.jpg#001001-1517436-detail-7.jpg
18,1517434,에잇세컨즈,"

				화이트 배색 자수 레터링 반소매 티셔츠 (420742DY21)
","
								19,900원
			",등록된 후기가 없습니다.,001001-1517434-thumb.jpg,001001-1517434-detail-0.jpg#001001-1517434-detail-1.jpg#001001-1517434-detail-2.jpg#001001-1517434-detail-3.jpg#001001-1517434-detail-4.jpg#001001-1517434-detail-5.jpg#001001-1517434-detail-6.jpg#001001-1517434-detail-7.jpg
19,1517433,에잇세컨즈,"

				블랙 배색 자수 레터링 반소매 티셔츠 (420742DY25)
","
								19,900원
			",등록된 후기가 없습니다.,001001-1517433-thumb.jpg,001001-1517433-detail-0.jpg#001001-1517433-detail-1.jpg#001001-1517433-detail-2.jpg#001001-1517433-detail-3.jpg#001001-1517433-detail-4.jpg#001001-1517433-detail-5.jpg#001001-1517433-detail-6.jpg#001001-1517433-detail-7.jpg
20,1517426,에잇세컨즈,"

				블랙 배색 포켓 반소매 티셔츠 (260742DY75)
","
								35,900원
			",등록된 후기가 없습니다.,001001-1517426-thumb.jpg,001001-1517426-detail-0.jpg#001001-1517426-detail-1.jpg#001001-1517426-detail-2.jpg#001001-1517426-detail-3.jpg#001001-1517426-detail-4.jpg#001001-1517426-detail-5.jpg#001001-1517426-detail-6.jpg#001001-1517426-detail-7.jpg
21,1517425,에잇세컨즈,"

				애쉬 코튼 슬릿 칼라 반소매 티셔츠 (420742AY14)
","
								35,900원
			",등록된 후기가 없습니다.,001001-1517425-thumb.jpg,001001-1517425-detail-0.jpg#001001-1517425-detail-1.jpg#001001-1517425-detail-2.jpg#001001-1517425-detail-3.jpg#001001-1517425-detail-4.jpg#001001-1517425-detail-5.jpg#001001-1517425-detail-6.jpg#001001-1517425-detail-7.jpg
22,1517424,에잇세컨즈,"

				애쉬 배색 포켓 라운드넥 반소매 티셔츠 (420742AY24)
","
								29,900원
			",등록된 후기가 없습니다.,001001-1517424-thumb.jpg,001001-1517424-detail-0.jpg#001001-1517424-detail-1.jpg#001001-1517424-detail-2.jpg#001001-1517424-detail-3.jpg#001001-1517424-detail-4.jpg#001001-1517424-detail-5.jpg#001001-1517424-detail-6.jpg#001001-1517424-detail-7.jpg
23,1517422,에잇세컨즈,"

				애쉬 수피마 코튼 넥슬릿 티셔츠 (420742LY84)
","
								19,900원
			",등록된 후기가 없습니다.,001001-1517422-thumb.jpg,001001-1517422-detail-0.jpg#001001-1517422-detail-1.jpg#001001-1517422-detail-2.jpg#001001-1517422-detail-3.jpg#001001-1517422-detail-4.jpg#001001-1517422-detail-5.jpg#001001-1517422-detail-6.jpg#001001-1517422-detail-7.jpg
24,1517419,에잇세컨즈,"

				화이트 라운드넥 반소매 티셔츠 (420742LY11)
","
								12,900원
			",등록된 후기가 없습니다.,001001-1517419-thumb.jpg,001001-1517419-detail-0.jpg#001001-1517419-detail-1.jpg#001001-1517419-detail-2.jpg#001001-1517419-detail-3.jpg#001001-1517419-detail-4.jpg#001001-1517419-detail-5.jpg#001001-1517419-detail-6.jpg#001001-1517419-detail-7.jpg
25,1517418,에잇세컨즈,"

				그린 라운드넥 반소매 티셔츠 (420742LY1M)
","
								12,900원
			",등록된 후기가 없습니다.,001001-1517418-thumb.jpg,001001-1517418-detail-0.jpg#001001-1517418-detail-1.jpg#001001-1517418-detail-2.jpg#001001-1517418-detail-3.jpg#001001-1517418-detail-4.jpg#001001-1517418-detail-5.jpg#001001-1517418-detail-6.jpg#001001-1517418-detail-7.jpg
26,1517417,에잇세컨즈,"

				핑크 라운드넥 반소매 티셔츠 (420742LY1X)
","
								12,900원
			",등록된 후기가 없습니다.,001001-1517417-thumb.jpg,001001-1517417-detail-0.jpg#001001-1517417-detail-1.jpg#001001-1517417-detail-2.jpg#001001-1517417-detail-3.jpg#001001-1517417-detail-4.jpg#001001-1517417-detail-5.jpg#001001-1517417-detail-6.jpg#001001-1517417-detail-7.jpg
27,1517416,에잇세컨즈,"

				블랙 스트라이프 반소매 티셔츠 (420742LY45)
","
								12,900원
			",등록된 후기가 없습니다.,001001-1517416-thumb.jpg,001001-1517416-detail-0.jpg#001001-1517416-detail-1.jpg#001001-1517416-detail-2.jpg#001001-1517416-detail-3.jpg#001001-1517416-detail-4.jpg#001001-1517416-detail-5.jpg#001001-1517416-detail-6.jpg#001001-1517416-detail-7.jpg
28,1517415,에잇세컨즈,"

				네이비 스트라이프 반소매 티셔츠 (420742LY4R)
","
								12,900원
			",등록된 후기가 없습니다.,001001-1517415-thumb.jpg,001001-1517415-detail-0.jpg#001001-1517415-detail-1.jpg#001001-1517415-detail-2.jpg#001001-1517415-detail-3.jpg#001001-1517415-detail-4.jpg#001001-1517415-detail-5.jpg#001001-1517415-detail-6.jpg#001001-1517415-detail-7.jpg
29,1517412,에잇세컨즈,"

				화이트 우븐 패턴 오버사이즈 티셔츠 (210742AY21)
","
								35,900원
			",등록된 후기가 없습니다.,001001-1517412-thumb.jpg,001001-1517412-detail-0.jpg#001001-1517412-detail-1.jpg#001001-1517412-detail-2.jpg#001001-1517412-detail-3.jpg#001001-1517412-detail-4.jpg#001001-1517412-detail-5.jpg#001001-1517412-detail-6.jpg#001001-1517412-detail-7.jpg
30,1517410,에잇세컨즈,"

				화이트 오버사이즈 래글런 티셔츠 (210742AY11)
","
								25,900원
			",등록된 후기가 없습니다.,001001-1517410-thumb.jpg,001001-1517410-detail-0.jpg#001001-1517410-detail-1.jpg#001001-1517410-detail-2.jpg#001001-1517410-detail-3.jpg#001001-1517410-detail-4.jpg#001001-1517410-detail-5.jpg#001001-1517410-detail-6.jpg#001001-1517410-detail-7.jpg
31,1516921,에잇세컨즈,"

				핑크 코튼 브이넥 반소매 티셔츠 (320742LY4X)
","
								12,900원
			",등록된 후기가 없습니다.,001001-1516921-thumb.jpg,001001-1516921-detail-0.jpg#001001-1516921-detail-1.jpg#001001-1516921-detail-2.jpg#001001-1516921-detail-3.jpg#001001-1516921-detail-4.jpg#001001-1516921-detail-5.jpg#001001-1516921-detail-6.jpg#001001-1516921-detail-7.jpg
32,1517405,에잇세컨즈,"

				카키 프린팅 오버사이즈 티셔츠 (210742AY4H)
","
								29,900원
			",등록된 후기가 없습니다.,001001-1517405-thumb.jpg,001001-1517405-detail-0.jpg#001001-1517405-detail-1.jpg#001001-1517405-detail-2.jpg#001001-1517405-detail-3.jpg#001001-1517405-detail-4.jpg#001001-1517405-detail-5.jpg#001001-1517405-detail-6.jpg#001001-1517405-detail-7.jpg
33,1517404,에잇세컨즈,"

				그린 배색 라운드넥 티셔츠 (420742AY3M)
","
								29,900원
			",등록된 후기가 없습니다.,001001-1517404-thumb.jpg,001001-1517404-detail-0.jpg#001001-1517404-detail-1.jpg#001001-1517404-detail-2.jpg#001001-1517404-detail-3.jpg#001001-1517404-detail-4.jpg#001001-1517404-detail-5.jpg#001001-1517404-detail-6.jpg#001001-1517404-detail-7.jpg
34,1517403,에잇세컨즈,"

				네이비 배색 라운드넥 티셔츠 (420742AY3R)
","
								29,900원
			",등록된 후기가 없습니다.,001001-1517403-thumb.jpg,001001-1517403-detail-0.jpg#001001-1517403-detail-1.jpg#001001-1517403-detail-2.jpg#001001-1517403-detail-3.jpg#001001-1517403-detail-4.jpg#001001-1517403-detail-5.jpg#001001-1517403-detail-6.jpg#001001-1517403-detail-7.jpg
35,1517402,에잇세컨즈,"

				블랙 베이직 라운드넥 티셔츠 (420742LY15)
","
								12,900원
			",등록된 후기가 없습니다.,001001-1517402-thumb.jpg,001001-1517402-detail-0.jpg#001001-1517402-detail-1.jpg#001001-1517402-detail-2.jpg#001001-1517402-detail-3.jpg#001001-1517402-detail-4.jpg#001001-1517402-detail-5.jpg#001001-1517402-detail-6.jpg#001001-1517402-detail-7.jpg
36,1517400,에잇세컨즈,"

				스카이 블루 코튼 베이직 포켓 티셔츠 (420742LY2Q)
","
								15,900원
			",등록된 후기가 없습니다.,001001-1517400-thumb.jpg,001001-1517400-detail-0.jpg#001001-1517400-detail-1.jpg#001001-1517400-detail-2.jpg#001001-1517400-detail-3.jpg#001001-1517400-detail-4.jpg#001001-1517400-detail-5.jpg#001001-1517400-detail-6.jpg#001001-1517400-detail-7.jpg
37,1517399,에잇세컨즈,"

				와인 코튼 베이직 포켓 티셔츠 (420742LY2Z)
","
								15,900원
			",등록된 후기가 없습니다.,001001-1517399-thumb.jpg,001001-1517399-detail-0.jpg#001001-1517399-detail-1.jpg#001001-1517399-detail-2.jpg#001001-1517399-detail-3.jpg#001001-1517399-detail-4.jpg#001001-1517399-detail-5.jpg#001001-1517399-detail-6.jpg#001001-1517399-detail-7.jpg
38,1517398,에잇세컨즈,"

				화이트 코튼 베이직 라운드넥 티셔츠 (420742LY31)
","
								9,900원
			",등록된 후기가 없습니다.,001001-1517398-thumb.jpg,001001-1517398-detail-0.jpg#001001-1517398-detail-1.jpg#001001-1517398-detail-2.jpg#001001-1517398-detail-3.jpg#001001-1517398-detail-4.jpg#001001-1517398-detail-5.jpg#001001-1517398-detail-6.jpg#001001-1517398-detail-7.jpg
39,1517397,에잇세컨즈,"

				블랙 코튼 베이직 라운드넥 티셔츠 (420742LY35)
","
								9,900원
			",등록된 후기가 없습니다.,001001-1517397-thumb.jpg,001001-1517397-detail-0.jpg#001001-1517397-detail-1.jpg#001001-1517397-detail-2.jpg#001001-1517397-detail-3.jpg#001001-1517397-detail-4.jpg#001001-1517397-detail-5.jpg#001001-1517397-detail-6.jpg#001001-1517397-detail-7.jpg
40,1516162,0.387에이유,"

				프리미엄 테크웨어 지퍼 반팔
","
								39,000원
			",등록된 후기가 없습니다.,001001-1516162-thumb.jpg,001001-1516162-detail-0.jpg
41,1517396,에잇세컨즈,"

				베이지 코튼 베이직 라운드넥 티셔츠 (420742LY3A)
","
								9,900원
			",등록된 후기가 없습니다.,001001-1517396-thumb.jpg,001001-1517396-detail-0.jpg#001001-1517396-detail-1.jpg#001001-1517396-detail-2.jpg#001001-1517396-detail-3.jpg#001001-1517396-detail-4.jpg#001001-1517396-detail-5.jpg#001001-1517396-detail-6.jpg#001001-1517396-detail-7.jpg
42,1516161,0.387에이유,"

				프리미엄 지퍼 반팔
","
								39,000원
			",등록된 후기가 없습니다.,001001-1516161-thumb.jpg,001001-1516161-detail-0.jpg
43,1517395,에잇세컨즈,"

				블루 코튼 베이직 라운드넥 티셔츠 (420742LY3P)
","
								9,900원
			",등록된 후기가 없습니다.,001001-1517395-thumb.jpg,001001-1517395-detail-0.jpg#001001-1517395-detail-1.jpg#001001-1517395-detail-2.jpg#001001-1517395-detail-3.jpg#001001-1517395-detail-4.jpg#001001-1517395-detail-5.jpg#001001-1517395-detail-6.jpg#001001-1517395-detail-7.jpg
44,1517393,에잇세컨즈,"

				화이트 코튼 베이직 브이넥 티셔츠 (420742LY51)
","
								9,900원
			",등록된 후기가 없습니다.,001001-1517393-thumb.jpg,001001-1517393-detail-0.jpg#001001-1517393-detail-1.jpg#001001-1517393-detail-2.jpg#001001-1517393-detail-3.jpg#001001-1517393-detail-4.jpg#001001-1517393-detail-5.jpg#001001-1517393-detail-6.jpg#001001-1517393-detail-7.jpg
45,1517359,에잇세컨즈,"

				화이트 수피마 코튼 넥슬릿 티셔츠 (420742LY81)
","
								19,900원
			",등록된 후기가 없습니다.,001001-1517359-thumb.jpg,001001-1517359-detail-0.jpg#001001-1517359-detail-1.jpg#001001-1517359-detail-2.jpg#001001-1517359-detail-3.jpg#001001-1517359-detail-4.jpg#001001-1517359-detail-5.jpg#001001-1517359-detail-6.jpg#001001-1517359-detail-7.jpg
46,1517357,에잇세컨즈,"

				아이보리 백 레터링 티셔츠 (420742FY10)
","
								25,900원
			",등록된 후기가 없습니다.,001001-1517357-thumb.jpg,001001-1517357-detail-0.jpg#001001-1517357-detail-1.jpg#001001-1517357-detail-2.jpg#001001-1517357-detail-3.jpg#001001-1517357-detail-4.jpg#001001-1517357-detail-5.jpg#001001-1517357-detail-6.jpg#001001-1517357-detail-7.jpg
47,1517355,에잇세컨즈,"

				오렌지 백 레터링 티셔츠 (420742FY18)
","
								25,900원
			",등록된 후기가 없습니다.,001001-1517355-thumb.jpg,001001-1517355-detail-0.jpg#001001-1517355-detail-1.jpg#001001-1517355-detail-2.jpg#001001-1517355-detail-3.jpg#001001-1517355-detail-4.jpg#001001-1517355-detail-5.jpg#001001-1517355-detail-6.jpg#001001-1517355-detail-7.jpg
48,1517354,에잇세컨즈,"

				블랙 플로킹 레터링 오버핏 티셔츠 (420742FY25)
","
								25,900원
			",등록된 후기가 없습니다.,001001-1517354-thumb.jpg,001001-1517354-detail-0.jpg#001001-1517354-detail-1.jpg#001001-1517354-detail-2.jpg#001001-1517354-detail-3.jpg#001001-1517354-detail-4.jpg#001001-1517354-detail-5.jpg#001001-1517354-detail-6.jpg#001001-1517354-detail-7.jpg
49,1517353,에잇세컨즈,"

				그린 플로킹 레터링 오버핏 티셔츠 (420742FY2M)
","
								25,900원
			",등록된 후기가 없습니다.,001001-1517353-thumb.jpg,001001-1517353-detail-0.jpg#001001-1517353-detail-1.jpg#001001-1517353-detail-2.jpg#001001-1517353-detail-3.jpg#001001-1517353-detail-4.jpg#001001-1517353-detail-5.jpg#001001-1517353-detail-6.jpg#001001-1517353-detail-7.jpg
50,1516916,에잇세컨즈,"

				화이트 스트라이프 라운드넥 티셔츠 (320742LY31)
","
								15,900원
			",등록된 후기가 없습니다.,001001-1516916-thumb.jpg,001001-1516916-detail-0.jpg#001001-1516916-detail-1.jpg#001001-1516916-detail-2.jpg#001001-1516916-detail-3.jpg#001001-1516916-detail-4.jpg#001001-1516916-detail-5.jpg#001001-1516916-detail-6.jpg#001001-1516916-detail-7.jpg
51,1517166,르씨,"

				SAME 1/2 T_lime
","
								32,000원
			",등록된 후기가 없습니다.,001001-1517166-thumb.jpg,001001-1517166-detail-0.jpg#001001-1517166-detail-1.jpg
52,1517148,르씨,"

				SAME 1/2 T_mustard
","
								32,000원
			",등록된 후기가 없습니다.,001001-1517148-thumb.jpg,001001-1517148-detail-0.jpg#001001-1517148-detail-1.jpg
53,1517125,르씨,"

				SAME 1/2 T_white
","
								32,000원
			",등록된 후기가 없습니다.,001001-1517125-thumb.jpg,001001-1517125-detail-0.jpg#001001-1517125-detail-1.jpg
54,1517122,그레이버,"

				[UNISEX]도트보드 자수 화이트클립 반팔티_2color
","
								42,000원
			",등록된 후기가 없습니다.,001001-1517122-thumb.jpg,001001-1517122-detail-0.jpg
55,1517111,그레이버,"

				[UNISEX]로고하트 자수 화이트클립 반팔티_2color
","
								42,000원
			",등록된 후기가 없습니다.,001001-1517111-thumb.jpg,001001-1517111-detail-0.jpg
56,1517103,그레이버,"

				[UNISEX]로고하트 자수 화이트클립 반팔티_옐로우
","
								42,000원
			",등록된 후기가 없습니다.,001001-1517103-thumb.jpg,001001-1517103-detail-0.jpg
57,1517085,르씨,"

				블랙 타임 1/2 T_white
","
								38,000원
			",등록된 후기가 없습니다.,001001-1517085-thumb.jpg,001001-1517085-detail-0.jpg#001001-1517085-detail-1.jpg
58,1517063,그레이버,"

				[UNISEX]로고하트 자수 화이트클립 반팔티_네이비
","
								42,000원
			",등록된 후기가 없습니다.,001001-1517063-thumb.jpg,001001-1517063-detail-0.jpg
59,1517042,그레이버,"

				[UNISEX]로고하트 자수 화이트클립 반팔티_코발트블루
","
								42,000원
			",등록된 후기가 없습니다.,001001-1517042-thumb.jpg,001001-1517042-detail-0.jpg
60,1517034,르씨,"

				블랙 타임 1/2 T_black
","
								38,000원
			",등록된 후기가 없습니다.,001001-1517034-thumb.jpg,001001-1517034-detail-0.jpg#001001-1517034-detail-1.jpg
61,1516905,에잇세컨즈,"

				블랙 코튼 베이직 브이넥 티셔츠 (320742LY45)
","
								12,900원
			",등록된 후기가 없습니다.,001001-1516905-thumb.jpg,001001-1516905-detail-0.jpg#001001-1516905-detail-1.jpg#001001-1516905-detail-2.jpg#001001-1516905-detail-3.jpg#001001-1516905-detail-4.jpg#001001-1516905-detail-5.jpg#001001-1516905-detail-6.jpg#001001-1516905-detail-7.jpg
62,1516900,에잇세컨즈,"

				화이트 코튼 베이직 브이넥 티셔츠 (320742LY41)
","
								12,900원
			",등록된 후기가 없습니다.,001001-1516900-thumb.jpg,001001-1516900-detail-0.jpg#001001-1516900-detail-1.jpg#001001-1516900-detail-2.jpg#001001-1516900-detail-3.jpg#001001-1516900-detail-4.jpg#001001-1516900-detail-5.jpg#001001-1516900-detail-6.jpg#001001-1516900-detail-7.jpg
63,1516978,에잇세컨즈,"

				라이트 그린 코튼 레터링 라운드넥 티셔츠 (320742LYDL)
","
								19,900원
			",등록된 후기가 없습니다.,001001-1516978-thumb.jpg,001001-1516978-detail-0.jpg#001001-1516978-detail-1.jpg#001001-1516978-detail-2.jpg#001001-1516978-detail-3.jpg#001001-1516978-detail-4.jpg#001001-1516978-detail-5.jpg#001001-1516978-detail-6.jpg#001001-1516978-detail-7.jpg
64,1516974,에잇세컨즈,"

				베이지 코튼 레터링 라운드넥 티셔츠 (320742LYDA)
","
								19,900원
			",등록된 후기가 없습니다.,001001-1516974-thumb.jpg,001001-1516974-detail-0.jpg#001001-1516974-detail-1.jpg#001001-1516974-detail-2.jpg#001001-1516974-detail-3.jpg#001001-1516974-detail-4.jpg#001001-1516974-detail-5.jpg#001001-1516974-detail-6.jpg#001001-1516974-detail-7.jpg
65,1516973,에잇세컨즈,"

				라벤더 셔링 밴딩 네크라인 티셔츠 (110742AY1T)
","
								19,900원
			",등록된 후기가 없습니다.,001001-1516973-thumb.jpg,001001-1516973-detail-0.jpg#001001-1516973-detail-1.jpg#001001-1516973-detail-2.jpg#001001-1516973-detail-3.jpg#001001-1516973-detail-4.jpg#001001-1516973-detail-5.jpg#001001-1516973-detail-6.jpg#001001-1516973-detail-7.jpg
66,1516972,에잇세컨즈,"

				아이보리 베이직 스트라이프 반소매 티셔츠 (320742LY70)
","
								15,900원
			",등록된 후기가 없습니다.,001001-1516972-thumb.jpg,001001-1516972-detail-0.jpg#001001-1516972-detail-1.jpg#001001-1516972-detail-2.jpg#001001-1516972-detail-3.jpg#001001-1516972-detail-4.jpg#001001-1516972-detail-5.jpg#001001-1516972-detail-6.jpg#001001-1516972-detail-7.jpg
67,1516971,에잇세컨즈,"

				블랙 베이직 스트라이프 반소매 티셔츠 (320742LY75)
","
								15,900원
			",등록된 후기가 없습니다.,001001-1516971-thumb.jpg,001001-1516971-detail-0.jpg#001001-1516971-detail-1.jpg#001001-1516971-detail-2.jpg#001001-1516971-detail-3.jpg#001001-1516971-detail-4.jpg#001001-1516971-detail-5.jpg#001001-1516971-detail-6.jpg#001001-1516971-detail-7.jpg
68,1516966,에잇세컨즈,"

				브라운 베이직 스트라이프 반소매 티셔츠 (320742LY7D)
","
								15,900원
			",등록된 후기가 없습니다.,001001-1516966-thumb.jpg,001001-1516966-detail-0.jpg#001001-1516966-detail-1.jpg#001001-1516966-detail-2.jpg#001001-1516966-detail-3.jpg#001001-1516966-detail-4.jpg#001001-1516966-detail-5.jpg#001001-1516966-detail-6.jpg#001001-1516966-detail-7.jpg
69,1516963,에잇세컨즈,"

				블랙 플리츠 스트랩 티셔츠 (110742KY15)
","
								35,900원
			",등록된 후기가 없습니다.,001001-1516963-thumb.jpg,001001-1516963-detail-0.jpg#001001-1516963-detail-1.jpg#001001-1516963-detail-2.jpg#001001-1516963-detail-3.jpg#001001-1516963-detail-4.jpg#001001-1516963-detail-5.jpg#001001-1516963-detail-6.jpg#001001-1516963-detail-7.jpg
70,1516962,에잇세컨즈,"

				화이트 코튼 레터링 포인트 반소매 티셔츠 (320742AY11)
","
								15,900원
			",등록된 후기가 없습니다.,001001-1516962-thumb.jpg,001001-1516962-detail-0.jpg#001001-1516962-detail-1.jpg#001001-1516962-detail-2.jpg#001001-1516962-detail-3.jpg#001001-1516962-detail-4.jpg#001001-1516962-detail-5.jpg#001001-1516962-detail-6.jpg#001001-1516962-detail-7.jpg
71,1516960,에잇세컨즈,"

				블랙 코튼 레터링 포인트 반소매 티셔츠 (320742AY15)
","
								15,900원
			",등록된 후기가 없습니다.,001001-1516960-thumb.jpg,001001-1516960-detail-0.jpg#001001-1516960-detail-1.jpg#001001-1516960-detail-2.jpg#001001-1516960-detail-3.jpg#001001-1516960-detail-4.jpg#001001-1516960-detail-5.jpg#001001-1516960-detail-6.jpg#001001-1516960-detail-7.jpg
72,1516959,에잇세컨즈,"

				브릭 코튼 레터링 포인트 반소매 티셔츠 (320742AY1C)
","
								15,900원
			",등록된 후기가 없습니다.,001001-1516959-thumb.jpg,001001-1516959-detail-0.jpg#001001-1516959-detail-1.jpg#001001-1516959-detail-2.jpg#001001-1516959-detail-3.jpg#001001-1516959-detail-4.jpg#001001-1516959-detail-5.jpg#001001-1516959-detail-6.jpg#001001-1516959-detail-7.jpg
73,1516927,에잇세컨즈,"

				브라운 슬릿 라운드넥 티셔츠 (320742LY1D)
","
								19,900원
			",등록된 후기가 없습니다.,001001-1516927-thumb.jpg,001001-1516927-detail-0.jpg#001001-1516927-detail-1.jpg#001001-1516927-detail-2.jpg#001001-1516927-detail-3.jpg#001001-1516927-detail-4.jpg#001001-1516927-detail-5.jpg#001001-1516927-detail-6.jpg#001001-1516927-detail-7.jpg
74,1052632,[클리어런스],"

				RECEIPT PRINTING T-SHIRTS_BLACK
","
39,000원				10,900원
			",87.88% 만족,001001-1052632-thumb.jpg,001001-1052632-detail-0.jpg#001001-1052632-detail-1.jpg#001001-1052632-detail-2.jpg
75,1516948,에잇세컨즈,"

				블루 코튼 레터링 포인트 반소매 티셔츠 (320742AY1P)
","
								15,900원
			",등록된 후기가 없습니다.,001001-1516948-thumb.jpg,001001-1516948-detail-0.jpg#001001-1516948-detail-1.jpg#001001-1516948-detail-2.jpg#001001-1516948-detail-3.jpg#001001-1516948-detail-4.jpg#001001-1516948-detail-5.jpg#001001-1516948-detail-6.jpg#001001-1516948-detail-7.jpg
76,1516918,나다,"

				VITA L.S.Y. T-SHIRT [WHITE]
","
								59,000원
			",등록된 후기가 없습니다.,001001-1516918-thumb.jpg,001001-1516918-detail-0.jpg#001001-1516918-detail-1.jpg
77,1516929,에잇세컨즈,"

				아이보리 슬릿 라운드넥 티셔츠 (320742LY10)
","
								19,900원
			",등록된 후기가 없습니다.,001001-1516929-thumb.jpg,001001-1516929-detail-0.jpg#001001-1516929-detail-1.jpg#001001-1516929-detail-2.jpg#001001-1516929-detail-3.jpg#001001-1516929-detail-4.jpg#001001-1516929-detail-5.jpg#001001-1516929-detail-6.jpg#001001-1516929-detail-7.jpg
78,1516928,에잇세컨즈,"

				블랙 슬릿 라운드넥 티셔츠 (320742LY15)
","
								19,900원
			",등록된 후기가 없습니다.,001001-1516928-thumb.jpg,001001-1516928-detail-0.jpg#001001-1516928-detail-1.jpg#001001-1516928-detail-2.jpg#001001-1516928-detail-3.jpg#001001-1516928-detail-4.jpg#001001-1516928-detail-5.jpg#001001-1516928-detail-6.jpg#001001-1516928-detail-7.jpg
79,1516924,에잇세컨즈,"

				옐로우 슬릿 라운드넥 티셔츠 (320742LY1E)
","
								19,900원
			",등록된 후기가 없습니다.,001001-1516924-thumb.jpg,001001-1516924-detail-0.jpg#001001-1516924-detail-1.jpg#001001-1516924-detail-2.jpg#001001-1516924-detail-3.jpg#001001-1516924-detail-4.jpg#001001-1516924-detail-5.jpg#001001-1516924-detail-6.jpg#001001-1516924-detail-7.jpg
80,1516923,에잇세컨즈,"

				스카이 블루 슬릿 라운드넥 티셔츠 (320742LY1Q)
","
								19,900원
			",등록된 후기가 없습니다.,001001-1516923-thumb.jpg,001001-1516923-detail-0.jpg#001001-1516923-detail-1.jpg#001001-1516923-detail-2.jpg#001001-1516923-detail-3.jpg#001001-1516923-detail-4.jpg#001001-1516923-detail-5.jpg#001001-1516923-detail-6.jpg#001001-1516923-detail-7.jpg
81,1516920,에잇세컨즈,"

				카키 라운드넥 반소매 티셔츠 (320742LY2H)
","
								12,900원
			",등록된 후기가 없습니다.,001001-1516920-thumb.jpg,001001-1516920-detail-0.jpg#001001-1516920-detail-1.jpg#001001-1516920-detail-2.jpg#001001-1516920-detail-3.jpg#001001-1516920-detail-4.jpg#001001-1516920-detail-5.jpg#001001-1516920-detail-6.jpg#001001-1516920-detail-7.jpg
82,1516894,돌돌,"

				SHARK DOG_tshirts-126 샤크독 서프 하와이 여름 서핑 불독 강아지 캐릭터 그래픽 디자인 티셔츠 반팔티
","
								40,000원
			",등록된 후기가 없습니다.,001001-1516894-thumb.jpg,001001-1516894-detail-0.jpg
83,1516919,에잇세컨즈,"

				핑크 라운드넥 반소매 티셔츠 (320742LY2X)
","
								12,900원
			",등록된 후기가 없습니다.,001001-1516919-thumb.jpg,001001-1516919-detail-0.jpg#001001-1516919-detail-1.jpg#001001-1516919-detail-2.jpg#001001-1516919-detail-3.jpg#001001-1516919-detail-4.jpg#001001-1516919-detail-5.jpg#001001-1516919-detail-6.jpg#001001-1516919-detail-7.jpg
84,1516893,돌돌,"

				SHARK DOG_tshirts-127 샤크독 서프 하와이 여름 서핑 불독 강아지 캐릭터 그래픽 디자인 티셔츠 반팔티
","
								40,000원
			",등록된 후기가 없습니다.,001001-1516893-thumb.jpg,001001-1516893-detail-0.jpg
85,1516915,에잇세컨즈,"

				베이지 스트라이프 라운드넥 티셔츠 (320742LY3A)
","
								15,900원
			",등록된 후기가 없습니다.,001001-1516915-thumb.jpg,001001-1516915-detail-0.jpg#001001-1516915-detail-1.jpg#001001-1516915-detail-2.jpg#001001-1516915-detail-3.jpg#001001-1516915-detail-4.jpg#001001-1516915-detail-5.jpg#001001-1516915-detail-6.jpg#001001-1516915-detail-7.jpg
86,1516855,나다,"

				VITA L.S.Y. T-SHIRT [BLACK]
","
								59,000원
			",등록된 후기가 없습니다.,001001-1516855-thumb.jpg,001001-1516855-detail-0.jpg#001001-1516855-detail-1.jpg
87,1516914,에잇세컨즈,"

				화이트 베이직 라운드넥 티셔츠 (320742LY21)
","
								12,900원
			",등록된 후기가 없습니다.,001001-1516914-thumb.jpg,001001-1516914-detail-0.jpg#001001-1516914-detail-1.jpg#001001-1516914-detail-2.jpg#001001-1516914-detail-3.jpg#001001-1516914-detail-4.jpg#001001-1516914-detail-5.jpg#001001-1516914-detail-6.jpg#001001-1516914-detail-7.jpg
88,1516910,에잇세컨즈,"

				블랙 베이직 라운드넥 티셔츠 (320742LY25)
","
								12,900원
			",등록된 후기가 없습니다.,001001-1516910-thumb.jpg,001001-1516910-detail-0.jpg#001001-1516910-detail-1.jpg#001001-1516910-detail-2.jpg#001001-1516910-detail-3.jpg#001001-1516910-detail-4.jpg#001001-1516910-detail-5.jpg#001001-1516910-detail-6.jpg#001001-1516910-detail-7.jpg
89,1516892,돌돌,"

				SHARK DOG_tshirts-129 샤크독 서프 하와이 여름 서핑 불독 강아지 캐릭터 그래픽 디자인 티셔츠 반팔티
","
								40,000원
			",등록된 후기가 없습니다.,001001-1516892-thumb.jpg,001001-1516892-detail-0.jpg
